{
  "timestamp": "20251223_135844",
  "num_episodes": 30,
  "seed": 42,
  "results": {
    "FIFO_FixedFreq": {
      "agent_name": "FIFO_FixedFreq",
      "num_episodes": 30,
      "mean_reward": -1287.6,
      "std_reward": 204.59103108396516,
      "min_reward": -1745.5,
      "max_reward": -874.0,
      "median_reward": -1279.75,
      "mean_length": 9.066666666666666,
      "std_length": 1.1813363431112902,
      "reward_25th": -1353.875,
      "reward_75th": -1176.25,
      "Low_mean_reward": -47.15151515151515,
      "Low_actions": 132,
      "Medium_mean_reward": -163.25,
      "Medium_actions": 72,
      "Heavy_mean_reward": -338.40983606557376,
      "Heavy_actions": 61,
      "mean_total_reward": -2287.6,
      "mean_decision_count": 9.066666666666666,
      "mean_episode_length": 87.53333333333333
    },
    "FIFO_MaxFreq": {
      "agent_name": "FIFO_MaxFreq",
      "num_episodes": 30,
      "mean_reward": -1928.69,
      "std_reward": 718.7865090321792,
      "min_reward": -2732.900000000001,
      "max_reward": -1.0,
      "median_reward": -2041.8500000000006,
      "mean_length": 8.2,
      "std_length": 2.7976180344476385,
      "reward_25th": -2328.5000000000005,
      "reward_75th": -1836.6250000000005,
      "Low_mean_reward": -85.240350877193,
      "Low_actions": 114,
      "Medium_mean_reward": -262.5337662337663,
      "Medium_actions": 77,
      "Heavy_mean_reward": -537.023076923077,
      "Heavy_actions": 52,
      "mean_total_reward": -2828.690000000001,
      "mean_decision_count": 8.2,
      "mean_episode_length": 69.0
    },
    "FIFO_MinFreq": {
      "agent_name": "FIFO_MinFreq",
      "num_episodes": 30,
      "mean_reward": -375.85,
      "std_reward": 136.33183475133995,
      "min_reward": -652.0,
      "max_reward": -168.0,
      "median_reward": -363.5,
      "mean_length": 6.133333333333334,
      "std_length": 0.33993463423951903,
      "reward_25th": -473.125,
      "reward_75th": -263.375,
      "Low_mean_reward": -20.807692307692307,
      "Low_actions": 78,
      "Medium_mean_reward": -64.90350877192982,
      "Medium_actions": 57,
      "Heavy_mean_reward": -132.2,
      "Heavy_actions": 45,
      "mean_total_reward": -1375.85,
      "mean_decision_count": 6.133333333333334,
      "mean_episode_length": 77.8
    },
    "PPO": {
      "agent_name": "PPO",
      "num_episodes": 30,
      "mean_reward": -229.51666666666668,
      "std_reward": 113.83566249447296,
      "min_reward": -599.5,
      "max_reward": -124.0,
      "median_reward": -197.5,
      "mean_length": 6.1,
      "std_length": 0.3,
      "reward_25th": -291.25,
      "reward_75th": -130.0,
      "Low_mean_reward": -21.707142857142856,
      "Low_actions": 140,
      "Medium_mean_reward": -64.73809523809524,
      "Medium_actions": 21,
      "Heavy_mean_reward": -130.73684210526315,
      "Heavy_actions": 19,
      "mean_total_reward": -1229.5166666666667,
      "mean_decision_count": 6.1,
      "mean_episode_length": 71.86666666666666
    }
  }
}