{
  "timestamp": "20251223_135826",
  "num_episodes": 20,
  "seed": 42,
  "results": {
    "FIFO_FixedFreq": {
      "agent_name": "FIFO_FixedFreq",
      "num_episodes": 20,
      "mean_reward": -1299.925,
      "std_reward": 228.21356636931117,
      "min_reward": -1745.5,
      "max_reward": -874.0,
      "median_reward": -1264.5,
      "mean_length": 9.1,
      "std_length": 1.374772708486752,
      "reward_25th": -1386.0,
      "reward_75th": -1184.5,
      "Low_mean_reward": -47.825842696629216,
      "Low_actions": 89,
      "Medium_mean_reward": -160.45833333333334,
      "Medium_actions": 48,
      "Heavy_mean_reward": -334.2142857142857,
      "Heavy_actions": 42,
      "mean_total_reward": -2299.925,
      "mean_decision_count": 9.1,
      "mean_episode_length": 90.15
    },
    "FIFO_MaxFreq": {
      "agent_name": "FIFO_MaxFreq",
      "num_episodes": 20,
      "mean_reward": -2170.3600000000006,
      "std_reward": 360.59719688317074,
      "min_reward": -2734.100000000001,
      "max_reward": -1488.6999999999998,
      "median_reward": -2182.9000000000005,
      "mean_length": 8.6,
      "std_length": 1.3564659966250538,
      "reward_25th": -2453.4000000000005,
      "reward_75th": -1899.4750000000006,
      "Low_mean_reward": -82.59350649350654,
      "Low_actions": 77,
      "Medium_mean_reward": -271.32040816326537,
      "Medium_actions": 49,
      "Heavy_mean_reward": -552.3209302325582,
      "Heavy_actions": 43,
      "mean_total_reward": -3170.3600000000006,
      "mean_decision_count": 8.6,
      "mean_episode_length": 73.75
    },
    "FIFO_MinFreq": {
      "agent_name": "FIFO_MinFreq",
      "num_episodes": 20,
      "mean_reward": -399.95,
      "std_reward": 86.07625979327865,
      "min_reward": -653.0,
      "max_reward": -276.5,
      "median_reward": -387.0,
      "mean_length": 6.15,
      "std_length": 0.3570714214271425,
      "reward_25th": -440.25,
      "reward_75th": -341.75,
      "Low_mean_reward": -20.369565217391305,
      "Low_actions": 46,
      "Medium_mean_reward": -64.05,
      "Medium_actions": 40,
      "Heavy_mean_reward": -132.26470588235293,
      "Heavy_actions": 34,
      "mean_total_reward": -1399.95,
      "mean_decision_count": 6.15,
      "mean_episode_length": 75.75
    },
    "PPO": {
      "agent_name": "PPO",
      "num_episodes": 20,
      "mean_reward": -202.425,
      "std_reward": 96.76379423627414,
      "min_reward": -442.0,
      "max_reward": -1.0,
      "median_reward": -206.25,
      "mean_length": 5.95,
      "std_length": 1.2031209415515967,
      "reward_25th": -285.75,
      "reward_75th": -127.0,
      "Low_mean_reward": -21.773684210526316,
      "Low_actions": 95,
      "Medium_mean_reward": -65.75,
      "Medium_actions": 8,
      "Heavy_mean_reward": -131.72727272727272,
      "Heavy_actions": 11,
      "mean_total_reward": -1152.425,
      "mean_decision_count": 5.95,
      "mean_episode_length": 64.2
    }
  }
}