{
  "timestamp": "20251223_162835",
  "num_episodes": 50,
  "seed": 42,
  "config": {
    "workload_sizes": {
      "Low": 3,
      "Medium": 6,
      "Heavy": 10
    },
    "frequency_levels": [
      1.5,
      2.0,
      2.5,
      3.1
    ],
    "task_arrival_rate": 1.0,
    "max_waiting_time": 20,
    "beta": 0.1
  },
  "results": {
    "FIFO_Fixed_2.5GHz": {
      "agent_name": "FIFO_Fixed_2.5GHz",
      "num_episodes": 50,
      "mean_reward": 413.945,
      "std_reward": 678.6736859308751,
      "min_reward": -74.875,
      "max_reward": 2528.375,
      "mean_length": 74.76,
      "mean_wait_Low": 7.22508896797153,
      "max_wait_Low": 22.0,
      "mean_wait_Medium": 7.920235546038544,
      "max_wait_Medium": 23.0,
      "mean_wait_Heavy": 8.487068965517242,
      "max_wait_Heavy": 22.0,
      "mean_waiting_time": 7.815347071583514,
      "max_waiting_time": 23.0,
      "global_max_waiting_time": 23.0,
      "avg_max_waiting_time": 10.820512820512821,
      "total_energy": 134625.0,
      "mean_energy_per_episode": 2692.5,
      "total_tasks_served": 3688,
      "tasks_served_Low": 1124,
      "service_ratio_Low": 0.3047722342733189,
      "tasks_served_Medium": 1868,
      "service_ratio_Medium": 0.5065075921908894,
      "tasks_served_Heavy": 696,
      "service_ratio_Heavy": 0.18872017353579176,
      "starvation_violations": 3,
      "violation_rate": 0.06
    },
    "FIFO_Max_3.1GHz": {
      "agent_name": "FIFO_Max_3.1GHz",
      "num_episodes": 50,
      "mean_reward": 178.13595999999987,
      "std_reward": 533.8939188370646,
      "min_reward": -156.79800000000012,
      "max_reward": 1836.0049999999985,
      "mean_length": 35.56,
      "mean_wait_Low": 7.293560606060606,
      "max_wait_Low": 21.0,
      "mean_wait_Medium": 7.582072176949942,
      "max_wait_Medium": 22.0,
      "mean_wait_Heavy": 9.232432432432432,
      "max_wait_Heavy": 24.0,
      "mean_waiting_time": 7.8429140580535,
      "max_waiting_time": 24.0,
      "global_max_waiting_time": 24.0,
      "avg_max_waiting_time": 8.047619047619047,
      "total_energy": 100309.18000000001,
      "mean_energy_per_episode": 2006.1836000000005,
      "total_tasks_served": 1757,
      "tasks_served_Low": 528,
      "service_ratio_Low": 0.30051223676721683,
      "tasks_served_Medium": 859,
      "service_ratio_Medium": 0.4889015367103017,
      "tasks_served_Heavy": 370,
      "service_ratio_Heavy": 0.2105862265224815,
      "starvation_violations": 6,
      "violation_rate": 0.12
    },
    "FIFO_Min_1.5GHz": {
      "agent_name": "FIFO_Min_1.5GHz",
      "num_episodes": 50,
      "mean_reward": 1208.0740000000014,
      "std_reward": 1246.931212356561,
      "min_reward": -8.775,
      "max_reward": 4065.9250000000006,
      "mean_length": 119.66,
      "mean_wait_Low": 8.41791875347802,
      "max_wait_Low": 22.0,
      "mean_wait_Medium": 10.070242214532872,
      "max_wait_Medium": 24.0,
      "mean_wait_Heavy": 12.533333333333333,
      "max_wait_Heavy": 26.0,
      "mean_waiting_time": 10.0679463224053,
      "max_waiting_time": 26.0,
      "global_max_waiting_time": 26.0,
      "avg_max_waiting_time": 16.431818181818183,
      "total_energy": 78144.75,
      "mean_energy_per_episode": 1562.895,
      "total_tasks_served": 5887,
      "tasks_served_Low": 1797,
      "service_ratio_Low": 0.30524885340580943,
      "tasks_served_Medium": 2890,
      "service_ratio_Medium": 0.4909121793782911,
      "tasks_served_Heavy": 1200,
      "service_ratio_Heavy": 0.20383896721589945,
      "starvation_violations": 5,
      "violation_rate": 0.1
    },
    "PPO": {
      "agent_name": "PPO",
      "num_episodes": 50,
      "mean_reward": 616.2839599999998,
      "std_reward": 610.4231188607116,
      "min_reward": -8.700000000000001,
      "max_reward": 2452.0930000000026,
      "mean_length": 86.66,
      "mean_wait_Low": 2.2030812324929974,
      "max_wait_Low": 6.0,
      "mean_wait_Medium": 9.575757575757576,
      "max_wait_Medium": 24.0,
      "mean_wait_Heavy": 12.310077519379846,
      "max_wait_Heavy": 27.0,
      "mean_waiting_time": 7.595574387947269,
      "max_waiting_time": 27.0,
      "global_max_waiting_time": 27.0,
      "avg_max_waiting_time": 18.347826086956523,
      "total_energy": 64098.24,
      "mean_energy_per_episode": 1281.9648000000002,
      "total_tasks_served": 4248,
      "tasks_served_Low": 1428,
      "service_ratio_Low": 0.3361581920903955,
      "tasks_served_Medium": 2046,
      "service_ratio_Medium": 0.481638418079096,
      "tasks_served_Heavy": 774,
      "service_ratio_Heavy": 0.18220338983050846,
      "starvation_violations": 21,
      "violation_rate": 0.42
    }
  }
}